{
    "loss": 4.2928056716918945,
    "accuracy": 0.5035971403121948
}