{
    "loss": 6.665010929107666,
    "accuracy": 0.5467625856399536
}