{
    "loss": 4.865647315979004,
    "accuracy": 0.5035971403121948
}