{
    "loss": 6.381329536437988,
    "accuracy": 0.5467625856399536
}